{
  "q0": {
    "related_document": [
"bbc/business/011.txt",
"bbc/business/008.txt",
"bbc/business/027.txt",
"bbc/business/017.txt",
"bbc/business/003.txt",
"bbc/business/015.txt",
"bbc/business/024.txt",
"bbc/business/043.txt",
"bbc/business/014.txt",
"bbc/business/001.txt",
"bbc/business/033.txt",
"bbc/business/009.txt",
"bbc/business/007.txt",
"bbc/business/034.txt",
"bbc/business/022.txt",
"bbc/business/016.txt",
"bbc/business/047.txt",
"bbc/business/035.txt",
"bbc/business/029.txt",
"bbc/business/002.txt",
"bbc/business/031.txt",
"bbc/business/039.txt",
"bbc/business/020.txt",
"bbc/business/025.txt",
"bbc/business/030.txt",
"bbc/business/045.txt",
"bbc/business/050.txt",
"bbc/business/036.txt",
"bbc/business/042.txt",
"bbc/business/018.txt",
"bbc/business/012.txt",
"bbc/business/023.txt",
"bbc/business/037.txt",
"bbc/business/019.txt",
"bbc/business/013.txt",
"bbc/business/046.txt",
"bbc/business/044.txt",
"bbc/business/010.txt",
"bbc/business/038.txt",
"bbc/business/006.txt",
"bbc/business/004.txt",
"bbc/business/049.txt",
"bbc/business/028.txt",
"bbc/business/048.txt",
"bbc/business/040.txt",
"bbc/business/005.txt",
"bbc/business/041.txt",
"bbc/business/021.txt",
"bbc/business/032.txt",
"bbc/business/026.txt"
    ]
  },
  "q1": {
    "related_document": [
"bbc/entertainment/011.txt",
"bbc/entertainment/008.txt",
"bbc/entertainment/027.txt",
"bbc/entertainment/017.txt",
"bbc/entertainment/003.txt",
"bbc/entertainment/015.txt",
"bbc/entertainment/024.txt",
"bbc/entertainment/043.txt",
"bbc/entertainment/014.txt",
"bbc/entertainment/001.txt",
"bbc/entertainment/033.txt",
"bbc/entertainment/009.txt",
"bbc/entertainment/007.txt",
"bbc/entertainment/034.txt",
"bbc/entertainment/022.txt",
"bbc/entertainment/016.txt",
"bbc/entertainment/047.txt",
"bbc/entertainment/035.txt",
"bbc/entertainment/029.txt",
"bbc/entertainment/002.txt",
"bbc/entertainment/031.txt",
"bbc/entertainment/039.txt",
"bbc/entertainment/020.txt",
"bbc/entertainment/025.txt",
"bbc/entertainment/030.txt",
"bbc/entertainment/045.txt",
"bbc/entertainment/050.txt",
"bbc/entertainment/036.txt",
"bbc/entertainment/042.txt",
"bbc/entertainment/018.txt",
"bbc/entertainment/012.txt",
"bbc/entertainment/023.txt",
"bbc/entertainment/037.txt",
"bbc/entertainment/019.txt",
"bbc/entertainment/013.txt",
"bbc/entertainment/046.txt",
"bbc/entertainment/044.txt",
"bbc/entertainment/010.txt",
"bbc/entertainment/038.txt",
"bbc/entertainment/006.txt",
"bbc/entertainment/004.txt",
"bbc/entertainment/049.txt",
"bbc/entertainment/028.txt",
"bbc/entertainment/048.txt",
"bbc/entertainment/040.txt",
"bbc/entertainment/005.txt",
"bbc/entertainment/041.txt",
"bbc/entertainment/021.txt",
"bbc/entertainment/032.txt",
"bbc/entertainment/026.txt"
]
  },
  "q2": {
     "related_document": [
      "bbc/politics/011.txt",
"bbc/politics/008.txt",
"bbc/politics/027.txt",
"bbc/politics/017.txt",
"bbc/politics/003.txt",
"bbc/politics/015.txt",
"bbc/politics/024.txt",
"bbc/politics/043.txt",
"bbc/politics/014.txt",
"bbc/politics/001.txt",
"bbc/politics/033.txt",
"bbc/politics/009.txt",
"bbc/politics/007.txt",
"bbc/politics/034.txt",
"bbc/politics/022.txt",
"bbc/politics/016.txt",
"bbc/politics/047.txt",
"bbc/politics/035.txt",
"bbc/politics/029.txt",
"bbc/politics/002.txt",
"bbc/politics/031.txt",
"bbc/politics/039.txt",
"bbc/politics/020.txt",
"bbc/politics/025.txt",
"bbc/politics/030.txt",
"bbc/politics/045.txt",
"bbc/politics/050.txt",
"bbc/politics/036.txt",
"bbc/politics/042.txt",
"bbc/politics/018.txt",
"bbc/politics/012.txt",
"bbc/politics/023.txt",
"bbc/politics/037.txt",
"bbc/politics/019.txt",
"bbc/politics/013.txt",
"bbc/politics/046.txt",
"bbc/politics/044.txt",
"bbc/politics/010.txt",
"bbc/politics/038.txt",
"bbc/politics/006.txt",
"bbc/politics/004.txt",
"bbc/politics/049.txt",
"bbc/politics/028.txt",
"bbc/politics/048.txt",
"bbc/politics/040.txt",
"bbc/politics/005.txt",
"bbc/politics/041.txt",
"bbc/politics/021.txt",
"bbc/politics/032.txt",
"bbc/politics/026.txt"
    ]
  },
  "q3": {
    "related_document": [
      "bbc/tech/011.txt",
"bbc/tech/008.txt",
"bbc/tech/027.txt",
"bbc/tech/017.txt",
"bbc/tech/003.txt",
"bbc/tech/015.txt",
"bbc/tech/024.txt",
"bbc/tech/043.txt",
"bbc/tech/014.txt",
"bbc/tech/001.txt",
"bbc/tech/033.txt",
"bbc/tech/009.txt",
"bbc/tech/007.txt",
"bbc/tech/034.txt",
"bbc/tech/022.txt",
"bbc/tech/016.txt",
"bbc/tech/047.txt",
"bbc/tech/035.txt",
"bbc/tech/029.txt",
"bbc/tech/002.txt",
"bbc/tech/031.txt",
"bbc/tech/039.txt",
"bbc/tech/020.txt",
"bbc/tech/025.txt",
"bbc/tech/030.txt",
"bbc/tech/045.txt",
"bbc/tech/050.txt",
"bbc/tech/036.txt",
"bbc/tech/042.txt",
"bbc/tech/018.txt",
"bbc/tech/012.txt",
"bbc/tech/023.txt",
"bbc/tech/037.txt",
"bbc/tech/019.txt",
"bbc/tech/013.txt",
"bbc/tech/046.txt",
"bbc/tech/044.txt",
"bbc/tech/010.txt",
"bbc/tech/038.txt",
"bbc/tech/006.txt",
"bbc/tech/004.txt",
"bbc/tech/049.txt",
"bbc/tech/028.txt",
"bbc/tech/048.txt",
"bbc/tech/040.txt",
"bbc/tech/005.txt",
"bbc/tech/041.txt",
"bbc/tech/021.txt",
"bbc/tech/032.txt",
"bbc/tech/026.txt"
    ]
  },
  "q4": {
    "related_document": [
      "bbc/sport/011.txt",
"bbc/sport/008.txt",
"bbc/sport/027.txt",
"bbc/sport/017.txt",
"bbc/sport/003.txt",
"bbc/sport/015.txt",
"bbc/sport/024.txt",
"bbc/sport/043.txt",
"bbc/sport/014.txt",
"bbc/sport/001.txt",
"bbc/sport/033.txt",
"bbc/sport/009.txt",
"bbc/sport/007.txt",
"bbc/sport/034.txt",
"bbc/sport/022.txt",
"bbc/sport/016.txt",
"bbc/sport/047.txt",
"bbc/sport/035.txt",
"bbc/sport/029.txt",
"bbc/sport/002.txt",
"bbc/sport/031.txt",
"bbc/sport/039.txt",
"bbc/sport/020.txt",
"bbc/sport/025.txt",
"bbc/sport/030.txt",
"bbc/sport/045.txt",
"bbc/sport/050.txt",
"bbc/sport/036.txt",
"bbc/sport/042.txt",
"bbc/sport/018.txt",
"bbc/sport/012.txt",
"bbc/sport/023.txt",
"bbc/sport/037.txt",
"bbc/sport/019.txt",
"bbc/sport/013.txt",
"bbc/sport/046.txt",
"bbc/sport/044.txt",
"bbc/sport/010.txt",
"bbc/sport/038.txt",
"bbc/sport/006.txt",
"bbc/sport/004.txt",
"bbc/sport/049.txt",
"bbc/sport/028.txt",
"bbc/sport/048.txt",
"bbc/sport/040.txt",
"bbc/sport/005.txt",
"bbc/sport/041.txt",
"bbc/sport/021.txt",
"bbc/sport/032.txt",
"bbc/sport/026.txt"
    ]
  }
}
